Workbook
Name Slicer_AMPERSAND_INSERTABLE: #N/A
Name Slicer_AMPERSAND_INSERTABLE1: #N/A
Name Slicer_Cable_Broadcast_Breakdown: #N/A
Name Slicer_Daypart_breakdown: #N/A
Name Slicer_DAYPARTS: #N/A
Name Slicer_DMA: #N/A
Name Slicer_DMA1: #N/A
Name Slicer_TYPE: #N/A
Name Slicer_TYPE1: #N/A

Sheet COVER
I1: The Power of AND
C13: The AND Platform
C15: D+F CAMPAIGN PLANNING WORKSPACE
C17: ENTER CLIENT NAME HERE
C18: ='Index-Reach'!B2 -> Experian > Experian Household Segments > Lifestyles - Standard > Domestic Travel
C19: ='Index-Reach'!B4 -> Atlanta, Chicago, Dallas/Ft. Worth, Los Angeles, New York, Seattle/Tacoma
C20: ='Index-Reach'!B3 -> February 2026
C22: Source: Ampersand AND D+F Platform Data Export - Confidential and proprietary information
C23: Export Template version = 1Q2022

Sheet NETWORK RANKER BY REACH & INDEX
B1: The AND Platform
B2: DEFINE + FIND
B4: Client: | C4: =COVER!C17 -> ENTER CLIENT NAME HERE
B5: Market(s): | C5: =COVER!C19 -> Atlanta, Chicago, Dallas/Ft. Worth, Los Angeles, New York, Seattle/Tacoma
B6: Segment(s): | C6: =COVER!C18 -> Experian > Experian Household Segments > Lifestyles - Standard > Domestic Travel
B7: Time Period: | C7: =COVER!C20 -> February 2026
B8: Source: Ampersand AND Platform
B10: Legend
B11: 115+
B12: 100-114
B13: 90-99
B14: 89-
B18: NETWORK | C18: AUDIENCE INDEX | D18: AUDIENCE REACH | K18: =B18 -> NETWORK | L18: =C18 -> AUDIENCE INDEX | M18: =D18 -> AUDIENCE REACH
B19: ACCN | C19: 129.5 | D19: 0.02385 | K19: =B19 -> ACCN | L19: =C19 -> 129.5 | M19: =D19 -> 0.02385
B20: LRW | C20: 125 | D20: 0.0311 | K20: =B20 -> LRW | L20: =C20 -> 125 | M20: =D20 -> 0.0311
B21: SCI | C21: 124 | D21: 0.1098 | K21: =B21 -> SCI | L21: =C21 -> 124 | M21: =D21 -> 0.1098
B22: DEST | C22: 123 | D22: 0.0844 | K22: =B22 -> DEST | L22: =C22 -> 123 | M22: =D22 -> 0.0844
B23: AHC | C23: 121 | D23: 0.0885 | K23: =B23 -> AHC | L23: =C23 -> 121 | M23: =D23 -> 0.0885
B24: FBN | C24: 118 | D24: 0.17915 | K24: =B24 -> FBN | L24: =C24 -> 118 | M24: =D24 -> 0.17915
B25: OUTD | C25: 118 | D25: 0.0183 | K25: =B25 -> OUTD | L25: =C25 -> 118 | M25: =D25 -> 0.0183
B26: MAG | C26: 117.33333 | D26: 0.12326667 | K26: =B26 -> MAG | L26: =C26 -> 117.33333 | M26: =D26 -> 0.12326667
B27: WETV | C27: 114.75 | D27: 0.169475 | K27: =B27 -> WETV | L27: =C27 -> 114.75 | M27: =D27 -> 0.169475
B28: GSN | C28: 114.66667 | D28: 0.15163333 | K28: =B28 -> GSN | L28: =C28 -> 114.66667 | M28: =D28 -> 0.15163333
B29: FYI | C29: 114.5 | D29: 0.0873 | K29: =B29 -> FYI | L29: =C29 -> 114.5 | M29: =D29 -> 0.0873
B30: NHLN | C30: 114 | D30: 0.0286 | K30: =B30 -> NHLN | L30: =C30 -> 114 | M30: =D30 -> 0.0286
... B48: HGTV | C48: 105 | D48: 0.39215 | K48: =B48 -> HGTV | L48: =C48 -> 105 | M48: =D48 -> 0.39215
B49: SECN | C49: 104 | D49: 0.1665
B50: ESPNU | C50: 104 | D50: 0.0696
B51: DLIF | C51: 103 | D51: 0.0474
B52: LIF | C52: 102.5 | D52: 0.308025
B53: FOOD | C53: 102 | D53: 0.335775
B54: MNOW | C54: 101.25 | D54: 0.334275
B55: CNBC | C55: 101.25 | D55: 0.376975
B56: HLN | C56: 100.5 | D56: 0.219275
B57: NGC | C57: 100 | D57: 0.2953
B58: TBS | C58: 98.25 | D58: 0.411025
B59: SPSNLA | C59: 98 | D59: 0.2684
B60: ESPNN | C60: 98 | D60: 0.0564
... B106: DISCE | C106: 24 | D106: 0.00865

Sheet NETWORK INDEX RANK BY DAYPART
B1: The AND Platform
B2: DEFINE + FIND
B4: Client: | C4: =COVER!C17 -> ENTER CLIENT NAME HERE
B5: Market(s): | C5: =COVER!C19 -> Atlanta, Chicago, Dallas/Ft. Worth, Los Angeles, New York, Seattle/Tacoma
B6: Segment(s): | C6: =COVER!C18 -> Experian > Experian Household Segments > Lifestyles - Standard > Domestic Travel
B7: Time Period: | C7: =COVER!C20 -> February 2026
B8: Source: Ampersand AND Platform
B10: Legend
B11: 115+
B12: 100-114
B13: 90-99
B14: 89-
B19: AUDIENCE INDEX | C19: DAYPARTS
B20: NETWORK | C20: Early Fringe | D20: Early Morning | E20: Daytime | F20: Late fringe | G20: Overnight | H20: All Day | I20: Prime | J20: Weekend
B21: SCI | C21: 124 | D21: 130 | E21: 123 | F21: 125 | G21: 120 | H21: 124 | I21: 130 | J21: 115
B22: AHC | C22: 119.5 | D22: 124 | E22: 116.5 | F22: 116.5 | G22: 116 | H22: 120 | I22: 121.5 | J22: 123.5
B23: NGWD | C23: 117 | D23: 117 | E23: 118 | F23: 119 | G23: 112 | H23: 120 | I23: 125 | J23: 120
B24: DEST | C24: 123.5 | D24: 118 | E24: 122.5 | F24: 116 | G24: 111.5 | H24: 118.5 | I24: 118.5 | J24: 118
B25: MAG | C25: 119.6 | D25: 112.6 | E25: 120.2 | F25: 114.6 | G25: 115.8 | H25: 117.2 | I25: 117.4 | J25: 114
B26: GSN | C26: 122 | D26: 112 | E26: 118.75 | F26: 110.25 | G26: 107 | H26: 115 | I26: 115.25 | J26: 116
B27: FBN | C27: 124 | D27: 112 | E27: 119.66667 | F27: 110 | G27: 110.33333 | H27: 117.66667 | I27: 111 | J27: 110.66667
B28: NHLN | C28: 110 | D28: 122 | E28: 116 | F28: 117 | G28: 103 | H28: 114 | I28: 117 | J28: 114
B29: TWC | C29: 113.66667 | D29: 112 | E29: 115 | F29: 111.16667 | G29: 109.16667 | H29: 112.66667 | I29: 112.66667 | J29: 111.33333
B30: FNC | C30: 115.83333 | D30: 108.5 | E30: 114.16667 | F30: 110.16667 | G30: 108.66667 | H30: 112.66667 | I30: 112.66667 | J30: 111.16667
B31: FYI | C31: 114.25 | D31: 109 | E31: 121 | F31: 105.25 | G31: 107 | H31: 113 | I31: 112 | J31: 110.25
B32: HALL | C32: 115.5 | D32: 106.16667 | E32: 110.66667 | F32: 105.66667 | G32: 103.83333 | H32: 113.5 | I32: 118.33333 | J32: 113.83333
... B118: DISCE | C118: 25.5 | D118: 21 | E118: 23.5 | F118: 26.5 | G118: 28 | H118: 22.666667 | I118: 26.5 | J118: 23

Sheet AUDIENCE VIEWING BY SOURCE
B1: The AND Platform
B2: DEFINE + FIND
B4: Client: | C4: =COVER!C17 -> ENTER CLIENT NAME HERE
B5: Market(s): | C5: =COVER!C19 -> Atlanta, Chicago, Dallas/Ft. Worth, Los Angeles, New York, Seattle/Tacoma
B6: Segment(s): | C6: =COVER!C18 -> Experian > Experian Household Segments > Lifestyles - Standard > Domestic Travel
B7: Time Period: | C7: =COVER!C20 -> February 2026
B8: Source: Ampersand AND Platform
B11: Values
B12: Cable | C12: 0.62833333
B13: Broadcast | C13: 0.37166667
B33: Share of time spent with cable nets: | E33: =GETPIVOTDATA(" Cable",$B$11) -> 0.62833333

Sheet AUDIENCE TIME SPENT BY DAYPART
B1: The AND Platform
B2: DEFINE + FIND | F2: Audience Segment viewing across Dayparts
F3: Deterministic STB Data profiles media consumption habits of the target Audience Segment
F4: Provides granular insights to align Media daypart allocations with Audience Segment consumption
B7: Client: | C7: =COVER!C17 -> ENTER CLIENT NAME HERE
B8: Market(s): | C8: =COVER!C19 -> Atlanta, Chicago, Dallas/Ft. Worth, Los Angeles, New York, Seattle/Tacoma
B9: Segment(s): | C9: =COVER!C18 -> Experian > Experian Household Segments > Lifestyles - Standard > Domestic Travel
B10: Time Period: | C10: =COVER!C20 -> February 2026
B11: Source: Ampersand AND Platform
B15: Dayparts
B16: Early morning | C16: 0.092255318
B17: Daytime | C17: 0.20816251
B18: Early fringe | C18: 0.12645028
B19: Prime | C19: 0.3380727
B20: Late fringe | C20: 0.064942335
B21: Weekend | C21: 0.17011687

Sheet Index-Reach
A1: The AND Platform Define + Find
A2: Audience | B2: Experian > Experian Household Segments > Lifestyles - Standard > Domestic Travel
A3: Month | B3: February 2026
A4: DMA | B4: Atlanta, Chicago, Dallas/Ft. Worth, Los Angeles, New York, Seattle/Tacoma
A5: Source | B5: Ampersand TV Viewership Insights
A8: AMPERSAND INSERTABLE | B8: NETWORK | C8: DMA | D8: TYPE | E8: DAYPARTS | F8: AUDIENCE INDEX | G8: AUDIENCE REACH
A9: Yes | B9: AEN | C9: Atlanta | D9: Cable | E9: M-Su 6a-6a All day | F9: 99 | G9: 0.3748
A10: Yes | B10: AEN | C10: Atlanta | D10: Cable | E10: M-F 6a-9a Early Morning (Part) | F10: 105 | G10: 0.0634
A11: Yes | B11: AEN | C11: Atlanta | D11: Cable | E11: M-F 9a-4p Daytime | F11: 106 | G11: 0.1654
A12: Yes | B12: AEN | C12: Atlanta | D12: Cable | E12: M-F 4p-7p Early fringe | F12: 99 | G12: 0.1403
A13: Yes | B13: AEN | C13: Atlanta | D13: Cable | E13: M-Su 7p-12m Prime time | F13: 95 | G13: 0.2655
A14: Yes | B14: AEN | C14: Atlanta | D14: Cable | E14: M-Su 12m-2a Late fringe | F14: 95 | G14: 0.0895
A15: Yes | B15: AEN | C15: Atlanta | D15: Cable | E15: M-Su 1a-6a Overnight | F15: 94 | G15: 0.0871
A16: Yes | B16: AEN | C16: Atlanta | D16: Cable | E16: Sa-Su 6a-7p Weekend | F16: 104 | G16: 0.2037
A17: Yes | B17: AEN | C17: Atlanta | D17: Cable | E17: M-F 4a to 7a Early morning local news | F17: 97 | G17: 0.039
A18: Yes | B18: AEN | C18: Atlanta | D18: Cable | E18: M-F 4p to 6p Early fringe local news | F18: 102 | G18: 0.1111
A19: Yes | B19: AEN | C19: Atlanta | D19: Cable | E19: M-Su 11p to 12m East/West Late News (11-12) | F19: 95 | G19: 0.1057
A20: Yes | B20: AEN | C20: Atlanta | D20: Cable | E20: M-Su 10p-11p East/West Late News (10-11) | F20: 94 | G20: 0.1386
... A9677: Yes | B9677: WETV | C9677: Seattle/Tacoma | D9677: Cable | E9677: M-Su 5a-9a Early Morning (Full) | F9677: 94 | G9677: 0.0376

Sheet Cable-BC Breakdown
A1: The AND Platform Define + Find
A2: Audience | B2: Experian > Experian Household Segments > Lifestyles - Standard > Domestic Travel
A3: Month | B3: February 2026
A4: DMA | B4: Atlanta, Chicago, Dallas/Ft. Worth, Los Angeles, New York, Seattle/Tacoma
A5: Source | B5: Ampersand TV Viewership Insights
A8: Cable/Broadcast Breakdown | B8: Cable | C8: Broadcast
A9: Chicago | B9: 0.58 | C9: 0.42
A10: New York | B10: 0.63 | C10: 0.37
A11: Seattle/Tacoma | B11: 0.61 | C11: 0.39
A12: Dallas/Ft. Worth | B12: 0.65 | C12: 0.35
A13: Atlanta | B13: 0.62 | C13: 0.38
A14: Los Angeles | B14: 0.68 | C14: 0.32

Sheet Daypart Breakdown
A1: The AND Platform Define + Find
A2: Audience | B2: Experian > Experian Household Segments > Lifestyles - Standard > Domestic Travel
A3: Month | B3: February 2026
A4: DMA | B4: Atlanta, Chicago, Dallas/Ft. Worth, Los Angeles, New York, Seattle/Tacoma
A5: Source | B5: Ampersand TV Viewership Insights
A8: Daypart breakdown | B8: M-Su 5a-9a Early Morning | C8: M-F 9a-4p Daytime | D8: M-F 4p-7p Early fringe | E8: M-Su 7p-12m Prime time | F8: M-Su 12m-2a Late fringe | G8: Sa-Su 6a-7p Weekend
A9: Chicago | B9: 0.074046571 | C9: 0.19649507 | D9: 0.12467929 | E9: 0.37318415 | F9: 0.063101293 | G9: 0.16849362
A10: New York | B10: 0.10979844 | C10: 0.19874026 | D10: 0.12084915 | E10: 0.32719485 | F10: 0.069199567 | G10: 0.17421774
A11: Seattle/Tacoma | B11: 0.086304009 | C11: 0.21163615 | D11: 0.138244 | E11: 0.33258111 | F11: 0.057046938 | G11: 0.17418779
A12: Dallas/Ft. Worth | B12: 0.083333381 | C12: 0.21495401 | D12: 0.11949798 | E12: 0.34077853 | F12: 0.07840525 | G12: 0.16303084
A13: Atlanta | B13: 0.10342176 | C13: 0.21159138 | D13: 0.12482742 | E13: 0.33623528 | F13: 0.051036432 | G13: 0.17288772
A14: Los Angeles | B14: 0.096627744 | C14: 0.21555815 | D14: 0.13060381 | E14: 0.31846227 | F14: 0.070864531 | G14: 0.16788349
